,chair,mailbox,telescope,plant,oven,trash can,picnic table,harp,well,wheelbarrow,bookshelf,piano
chair,0,24.8,28.78,38.024,50.08,40.398,32.366,20.5961,16.7932,21.922,26.9086,39.4094
mailbox,26.9535,0,15.003,28.5507,40.3366,56.851,33.5603,35.8225,41.1052,25.6438,39.7723,48.8721
telescope,34.9239,17.3618,0,13.5592,25.5979,48.7878,20.7224,29.9009,41.7163,16.5246,31.6045,37.7456
plant,52.3581,31.266,15.6338,0,12.4941,45.4599,14.4356,31.2277,47.2822,18.3621,30.0813,31.4038
oven,63.4775,56.5565,40.1928,28.7354,0,50.2494,21.5425,40.371,57.8014,29.1815,37.5712,34.6133
trash can,49.1,68.7447,58.6232,46.5642,53.5712,0,31.0255,21.2982,30.2655,32.4278,17.3204,15.9211
picnic table,42.5889,43.4048,27.894,15.3885,21.5425,33.7476,0,18.9183,36.879,10.6286,16.2194,17.5377
harp,32.3253,43.9241,32.9788,34.1642,44.6675,28.9634,24.2703,0,18.5044,13.7505,6.46,19.1642
well,20.4295,44.8214,18.6648,47.5922,58.7253,33.617,37.6607,18.6828,0,28.9407,24.0082,35.8982
wheelbarrow,31.782,37.3217,26.3355,20.0252,30.2638,34.1958,10.6286,15.2552,29.0357,0,15.1413,23.2539
bookshelf,47.8566,53.5737,43.0947,31.4676,39.6018,18.1558,18.5304,27.9622,33.2006,18.8971,0,12.7063
piano,62.6311,68.39,42.2575,42.3236,36.0261,19.5941,29.1315,42.8348,48.468,31.8468,28.9107,0