ImageFile,corrAns,n,Questions_1.started_mean,Questions_1.started_raw,Questions_1.started_std,Questions_1.stopped_raw,participant_response_1.corr_mean,participant_response_1.corr_raw,participant_response_1.corr_std,participant_response_1.keys_raw,participant_response_1.rt_mean,participant_response_1.rt_raw,participant_response_1.rt_std,participant_response_1.started_mean,participant_response_1.started_raw,participant_response_1.started_std,participant_response_1.stopped_raw,resptrial1.started_mean,resptrial1.started_raw,resptrial1.started_std,resptrial1.stopped_raw,order
paperfolding_stim_1/q1.png,1,1.0,93.87444305419922,93.87444305419922,0.0,,1.0,1.0,0.0,'1',4.635679721832275,4.635679721832275,0.0,93.87444305419922,93.87444305419922,0.0,,93.87444305419922,93.87444305419922,0.0,,0.0
paperfolding_stim_1/q2.png,4,1.0,98.54943084716797,98.54943084716797,0.0,,0.0,0.0,0.0,'3',5.808901786804199,5.808901786804199,0.0,98.54943084716797,98.54943084716797,0.0,,98.54943084716797,98.54943084716797,0.0,,1.0
paperfolding_stim_1/q3.png,2,1.0,104.3836441040039,104.3836441040039,0.0,,1.0,1.0,0.0,'2',11.262487411499023,11.262487411499023,0.0,104.3836441040039,104.3836441040039,0.0,,104.3836441040039,104.3836441040039,0.0,,2.0
paperfolding_stim_1/q4.png,4,1.0,115.68262481689453,115.68262481689453,0.0,,1.0,1.0,0.0,'4',16.155458450317383,16.155458450317383,0.0,115.68262481689453,115.68262481689453,0.0,,115.68262481689453,115.68262481689453,0.0,,3.0
paperfolding_stim_1/q5.png,2,1.0,131.88357543945312,131.88357543945312,0.0,,1.0,1.0,0.0,'2',12.738635063171387,12.738635063171387,0.0,131.88357543945312,131.88357543945312,0.0,,131.88357543945312,131.88357543945312,0.0,,4.0
paperfolding_stim_1/q6.png,5,1.0,144.66334533691406,144.66334533691406,0.0,,1.0,1.0,0.0,'5',6.847075939178467,6.847075939178467,0.0,144.66334533691406,144.66334533691406,0.0,,144.66334533691406,144.66334533691406,0.0,,5.0
paperfolding_stim_1/q7.png,1,1.0,151.5485076904297,151.5485076904297,0.0,,1.0,1.0,0.0,'1',34.06559371948242,34.06559371948242,0.0,151.5485076904297,151.5485076904297,0.0,,151.5485076904297,151.5485076904297,0.0,,6.0
paperfolding_stim_1/q8.png,3,1.0,185.66529846191406,185.66529846191406,0.0,,1.0,1.0,0.0,'3',37.125240325927734,37.125240325927734,0.0,185.66529846191406,185.66529846191406,0.0,,185.66529846191406,185.66529846191406,0.0,,7.0
paperfolding_stim_1/q9.png,5,1.0,222.83633422851562,222.83633422851562,0.0,,0.0,0.0,0.0,,,,,222.83633422851562,222.83633422851562,0.0,,222.83633422851562,222.83633422851562,0.0,,8.0
paperfolding_stim_1/q10.png,5,0.0,,,,'--',,,,'--',,,,,,,'--',,,,'--',

extraInfo
Participant ID,0\
date,2025_Jan_14_1337
expName,PaperFolding_V4.1
psychopyVersion,2021.2.3
frameRate,59.98749860546677
