ImageFile,corrAns,n,Questions_2.started_mean,Questions_2.started_raw,Questions_2.started_std,Questions_2.stopped_raw,number.started_mean,number.started_raw,number.started_std,number.stopped_raw,participant_response_2.corr_mean,participant_response_2.corr_raw,participant_response_2.corr_std,participant_response_2.keys_raw,participant_response_2.rt_mean,participant_response_2.rt_raw,participant_response_2.rt_std,participant_response_2.started_mean,participant_response_2.started_raw,participant_response_2.started_std,participant_response_2.stopped_raw,order
paperfolding_stim_2/q11.png,3,1.0,278.31280517578125,278.31280517578125,0.0,,278.31280517578125,278.31280517578125,0.0,,1.0,1.0,0.0,'3',4.837550163269043,4.837550163269043,0.0,278.31280517578125,278.31280517578125,0.0,,0.0
paperfolding_stim_2/q12.png,2,1.0,283.1965637207031,283.1965637207031,0.0,,283.1965637207031,283.1965637207031,0.0,,1.0,1.0,0.0,'2',5.618053436279297,5.618053436279297,0.0,283.1965637207031,283.1965637207031,0.0,,1.0
paperfolding_stim_2/q13.png,1,1.0,288.86358642578125,288.86358642578125,0.0,,288.86358642578125,288.86358642578125,0.0,,1.0,1.0,0.0,'1',5.550893306732178,5.550893306732178,0.0,288.86358642578125,288.86358642578125,0.0,,2.0
paperfolding_stim_2/q14.png,5,1.0,294.4664001464844,294.4664001464844,0.0,,294.4664001464844,294.4664001464844,0.0,,0.0,0.0,0.0,'1',13.483976364135742,13.483976364135742,0.0,294.4664001464844,294.4664001464844,0.0,,3.0
paperfolding_stim_2/q15.png,2,1.0,307.9986572265625,307.9986572265625,0.0,,307.9986572265625,307.9986572265625,0.0,,0.0,0.0,0.0,'5',11.367583274841309,11.367583274841309,0.0,307.9986572265625,307.9986572265625,0.0,,4.0
paperfolding_stim_2/q16.png,1,1.0,319.4130859375,319.4130859375,0.0,,319.4130859375,319.4130859375,0.0,,1.0,1.0,0.0,'1',11.40156078338623,11.40156078338623,0.0,319.4130859375,319.4130859375,0.0,,5.0
paperfolding_stim_2/q17.png,5,1.0,330.8719482421875,330.8719482421875,0.0,,330.8719482421875,330.8719482421875,0.0,,1.0,1.0,0.0,'5',8.190683364868164,8.190683364868164,0.0,330.8719482421875,330.8719482421875,0.0,,6.0
paperfolding_stim_2/q18.png,4,1.0,339.0982360839844,339.0982360839844,0.0,,339.0982360839844,339.0982360839844,0.0,,0.0,0.0,0.0,'3',28.236539840698242,28.236539840698242,0.0,339.0982360839844,339.0982360839844,0.0,,7.0
paperfolding_stim_2/q19.png,4,1.0,367.3835754394531,367.3835754394531,0.0,,367.3835754394531,367.3835754394531,0.0,,0.0,0.0,0.0,'1',7.319021701812744,7.319021701812744,0.0,367.3835754394531,367.3835754394531,0.0,,8.0
paperfolding_stim_2/q20.png,3,1.0,374.7494812011719,374.7494812011719,0.0,,374.7494812011719,374.7494812011719,0.0,,0.0,0.0,0.0,'2',17.945159912109375,17.945159912109375,0.0,374.7494812011719,374.7494812011719,0.0,,9.0

extraInfo
Participant ID,0\
date,2025_Jan_14_1337
expName,PaperFolding_V4.1
psychopyVersion,2021.2.3
frameRate,59.98749860546677
