ImageFile,corrAns,instr_images.thisRepN,instr_images.thisTrialN,instr_images.thisN,instr_images.thisIndex,post_sample_instr_images.thisRepN,post_sample_instr_images.thisTrialN,post_sample_instr_images.thisN,post_sample_instr_images.thisIndex,trials.thisRepN,trials.thisTrialN,trials.thisN,trials.thisIndex,trials_2.thisRepN,trials_2.thisTrialN,trials_2.thisN,trials_2.thisIndex,instr_slides.started,instr_slides.stopped,sample_image.started,sample_image.stopped,sample_resp.keys,sample_resp.corr,sample_resp.rt,sample_resp.started,sample_resp.stopped,sample_txt.started,sample_txt.stopped,post_instr_slides.started,post_instr_slides.stopped,Questions_1.started,Questions_1.stopped,participant_response_1.keys,participant_response_1.corr,participant_response_1.rt,participant_response_1.started,participant_response_1.stopped,resptrial1.started,resptrial1.stopped,stop.started,stop.stopped,start_part2.started,start_part2.stopped,respbeforetrial2.started,respbeforetrial2.stopped,Questions_2.started,Questions_2.stopped,participant_response_2.keys,participant_response_2.corr,participant_response_2.rt,participant_response_2.started,participant_response_2.stopped,number.started,number.stopped,thankyou.started,thankyou.stopped,final.keys,final.rt,final.started,final.stopped,finalslide.started,finalslide.stopped,Participant ID,date,expName,psychopyVersion,frameRate,
,,,,,,,,,,,,,,,,,,98.37340790000053,None,108.36809589999939,None,3,1,6.66181669999969,108.36809589999939,None,,,,,,,,,,,,,,,,,,,,,,,,,,,,,,,,,,,,,0\,2025_Jan_14_1307,PaperFolding_V4.1,2021.2.3,59.98645505853245,
paperfolding_stim_1/q1.png,1,,,,,,,,,0,0,0,0,,,,,,,,,,,,,,108.36809589999939,None,151.07382130000042,None,162.35006559999965,None,1,1,5.7117390999992494,162.35006559999965,None,162.35006559999965,None,,,,,,,,,,,,,,,,,,,,,,,,0\,2025_Jan_14_1307,PaperFolding_V4.1,2021.2.3,59.98645505853245,
paperfolding_stim_1/q2.png,4,,,,,,,,,0,1,1,1,,,,,,,,,,,,,,,,,,168.0968739,None,2,0,7.741233799999463,168.0968739,None,168.0968739,None,,,,,,,,,,,,,,,,,,,,,,,,0\,2025_Jan_14_1307,PaperFolding_V4.1,2021.2.3,59.98645505853245,
paperfolding_stim_1/q3.png,2,,,,,,,,,0,2,2,2,,,,,,,,,,,,,,,,,,175.8804352999996,None,2,1,29.830097000000023,175.8804352999996,None,175.8804352999996,None,,,,,,,,,,,,,,,,,,,,,,,,0\,2025_Jan_14_1307,PaperFolding_V4.1,2021.2.3,59.98645505853245,
paperfolding_stim_1/q4.png,4,,,,,,,,,0,3,3,3,,,,,,,,,,,,,,,,,,205.74900759999946,None,4,1,14.441485600000306,205.74900759999946,None,205.74900759999946,None,,,,,,,,,,,,,,,,,,,,,,,,0\,2025_Jan_14_1307,PaperFolding_V4.1,2021.2.3,59.98645505853245,
paperfolding_stim_1/q5.png,2,,,,,,,,,0,4,4,4,,,,,,,,,,,,,,,,,,220.23241009999947,None,2,1,14.790058700000372,220.23241009999947,None,220.23241009999947,None,,,,,,,,,,,,,,,,,,,,,,,,0\,2025_Jan_14_1307,PaperFolding_V4.1,2021.2.3,59.98645505853245,
paperfolding_stim_1/q6.png,5,,,,,,,,,0,5,5,5,,,,,,,,,,,,,,,,,,235.06278930000008,None,5,1,33.73571830000037,235.06278930000008,None,235.06278930000008,None,,,,,,,,,,,,,,,,,,,,,,,,0\,2025_Jan_14_1307,PaperFolding_V4.1,2021.2.3,59.98645505853245,
paperfolding_stim_1/q7.png,1,,,,,,,,,0,6,6,6,,,,,,,,,,,,,,,,,,268.8491690999999,None,4,0,15.701102900000478,268.8491690999999,None,268.8491690999999,None,,,,,,,,,,,,,,,,,,,,,,,,0\,2025_Jan_14_1307,PaperFolding_V4.1,2021.2.3,59.98645505853245,
paperfolding_stim_1/q8.png,3,,,,,,,,,0,7,7,7,,,,,,,,,,,,,,,,,,284.59693470000093,None,3,1,10.689449999999852,284.59693470000093,None,284.59693470000093,None,,,,,,,,,,,,,,,,,,,,,,,,0\,2025_Jan_14_1307,PaperFolding_V4.1,2021.2.3,59.98645505853245,
paperfolding_stim_1/q9.png,5,,,,,,,,,0,8,8,8,,,,,,,,,,,,,,,,,,295.3518810000005,None,2,0,37.3185467000003,295.3518810000005,None,295.3518810000005,None,,,,,,,,,,,,,,,,,,,,,,,,0\,2025_Jan_14_1307,PaperFolding_V4.1,2021.2.3,59.98645505853245,
paperfolding_stim_1/q10.png,5,,,,,,,,,0,9,9,9,,,,,,,,,,,,,,,,,,332.72808740000073,None,None,0,,332.72808740000073,None,332.72808740000073,None,,,,,,,,,,,,,,,,,,,,,,,,0\,2025_Jan_14_1307,PaperFolding_V4.1,2021.2.3,59.98645505853245,
paperfolding_stim_2/q11.png,3,,,,,,,,,,,,,0,0,0,0,,,,,,,,,,,,,,,,,,,,,,,342.38298869999926,None,342.38298869999926,None,342.38298869999926,None,345.9460044999996,None,3,1,4.204350199999681,345.9460044999996,None,345.9460044999996,None,,,,,,,,,0\,2025_Jan_14_1307,PaperFolding_V4.1,2021.2.3,59.98645505853245,
paperfolding_stim_2/q12.png,2,,,,,,,,,,,,,0,1,1,1,,,,,,,,,,,,,,,,,,,,,,,,,,,,,350.1958106000002,None,2,1,4.818422600001213,350.1958106000002,None,350.1958106000002,None,,,,,,,,,0\,2025_Jan_14_1307,PaperFolding_V4.1,2021.2.3,59.98645505853245,
paperfolding_stim_2/q13.png,1,,,,,,,,,,,,,0,2,2,2,,,,,,,,,,,,,,,,,,,,,,,,,,,,,355.0623809000008,None,1,1,6.16797410000072,355.0623809000008,None,355.0623809000008,None,,,,,,,,,0\,2025_Jan_14_1307,PaperFolding_V4.1,2021.2.3,59.98645505853245,
paperfolding_stim_2/q14.png,5,,,,,,,,,,,,,0,3,3,3,,,,,,,,,,,,,,,,,,,,,,,,,,,,,361.27864729999965,None,5,1,7.367895299999873,361.27864729999965,None,361.27864729999965,None,,,,,,,,,0\,2025_Jan_14_1307,PaperFolding_V4.1,2021.2.3,59.98645505853245,
paperfolding_stim_2/q15.png,2,,,,,,,,,,,,,0,4,4,4,,,,,,,,,,,,,,,,,,,,,,,,,,,,,368.6974594000003,None,2,1,10.509110699998928,368.6974594000003,None,368.6974594000003,None,,,,,,,,,0\,2025_Jan_14_1307,PaperFolding_V4.1,2021.2.3,59.98645505853245,
paperfolding_stim_2/q16.png,1,,,,,,,,,,,,,0,5,5,5,,,,,,,,,,,,,,,,,,,,,,,,,,,,,379.2487068999999,None,1,1,11.621710299999904,379.2487068999999,None,379.2487068999999,None,,,,,,,,,0\,2025_Jan_14_1307,PaperFolding_V4.1,2021.2.3,59.98645505853245,
paperfolding_stim_2/q17.png,5,,,,,,,,,,,,,0,6,6,6,,,,,,,,,,,,,,,,,,,,,,,,,,,,,390.9154316000004,None,2,0,12.163093800001661,390.9154316000004,None,390.9154316000004,None,,,,,,,,,0\,2025_Jan_14_1307,PaperFolding_V4.1,2021.2.3,59.98645505853245,
paperfolding_stim_2/q18.png,4,,,,,,,,,,,,,0,7,7,7,,,,,,,,,,,,,,,,,,,,,,,,,,,,,403.1129903000001,None,3,0,20.20572920000086,403.1129903000001,None,403.1129903000001,None,,,,,,,,,0\,2025_Jan_14_1307,PaperFolding_V4.1,2021.2.3,59.98645505853245,
paperfolding_stim_2/q19.png,4,,,,,,,,,,,,,0,8,8,8,,,,,,,,,,,,,,,,,,,,,,,,,,,,,423.36726009999984,None,4,1,13.743635700000596,423.36726009999984,None,423.36726009999984,None,,,,,,,,,0\,2025_Jan_14_1307,PaperFolding_V4.1,2021.2.3,59.98645505853245,
paperfolding_stim_2/q20.png,3,,,,,,,,,,,,,0,9,9,9,,,,,,,,,,,,,,,,,,,,,,,,,,,,,437.1485401000009,None,2,0,17.810158199999933,437.1485401000009,None,437.1485401000009,None,,,,,,,,,0\,2025_Jan_14_1307,PaperFolding_V4.1,2021.2.3,59.98645505853245,
,,,,,,,,,,,,,,,,,,,,,,,,,,,,,,,,,,,,,,,,,,,,,,,,,,,,,,,454.99808630000007,None,space,1.9683365000000776,454.99808630000007,None,,,0\,2025_Jan_14_1307,PaperFolding_V4.1,2021.2.3,59.98645505853245,
,,,,,,,,,,,,,,,,,,,,,,,,,,,,,,,,,,,,,,,,,,,,,,,,,,,,,,,,,,,,,454.99808630000007,None,,,,,,
