cueImage,leftImage,rightImage,corrAns,trial_type,cueLabel,leftLabel,rightLabel,corrLabel,fruit_practice.thisRepN,fruit_practice.thisTrialN,fruit_practice.thisN,fruit_practice.thisIndex,brick_practice.thisRepN,brick_practice.thisTrialN,brick_practice.thisN,brick_practice.thisIndex,brick_trials.thisRepN,brick_trials.thisTrialN,brick_trials.thisN,brick_trials.thisIndex,hedge_practice.thisRepN,hedge_practice.thisTrialN,hedge_practice.thisN,hedge_practice.thisIndex,hedge_trials.thisRepN,hedge_trials.thisTrialN,hedge_trials.thisN,hedge_trials.thisIndex,thisRow.t,notes,trial_resp.keys,trial_resp.corr,trial_resp.rt,cue_image.file,left_image.file,right_image.file,final.keys,final.rt,Participant ID,date,expName,psychopyVersion,frameRate,
stimuli/prac_apple.png,stimuli/prac_orange.png,stimuli/prac_banana.png,right,route,Apple,Orange,Banana,Banana,0,0,0,0,,,,,,,,,,,,,,,,,,,2,1,0.28990809997776523,stimuli/prac_apple.png,,,,,123,2026-10-02_20h30.00.206,GraphMaze_Navigation,2021.2.3,120.00940869751717,
stimuli/prac_apple.png,stimuli/prac_orange.png,stimuli/prac_banana.png,right,line,Apple,Orange,Banana,Banana,0,1,1,1,,,,,,,,,,,,,,,,,,,2,1,0.4864965999731794,stimuli/prac_apple.png,,,,,123,2026-10-02_20h30.00.206,GraphMaze_Navigation,2021.2.3,120.00940869751717,
stimuli/prac_apple.png,stimuli/prac_orange.png,stimuli/prac_grape.png,left,route,Apple,Orange,Grape,Orange,0,2,2,2,,,,,,,,,,,,,,,,,,,1,1,0.7726029999903403,stimuli/prac_apple.png,,,,,123,2026-10-02_20h30.00.206,GraphMaze_Navigation,2021.2.3,120.00940869751717,
stimuli/prac_apple.png,stimuli/prac_orange.png,stimuli/prac_grape.png,right,line,Apple,Orange,Grape,Grape,0,3,3,3,,,,,,,,,,,,,,,,,,,1,0,0.6395643000141717,stimuli/prac_apple.png,,,,,123,2026-10-02_20h30.00.206,GraphMaze_Navigation,2021.2.3,120.00940869751717,
stimuli/brick_telescope.png,stimuli/brick_plant.png,stimuli/brick_well.png,left,route,Telescope,Plant,Well,Plant,,,,,0,0,0,0,,,,,,,,,,,,,,,2,0,0.7173629999742843,stimuli/brick_telescope.png,,,,,123,2026-10-02_20h30.00.206,GraphMaze_Navigation,2021.2.3,120.00940869751717,
stimuli/brick_telescope.png,stimuli/brick_plant.png,stimuli/brick_well.png,left,line,Telescope,Plant,Well,Plant,,,,,0,1,1,1,,,,,,,,,,,,,,,2,0,0.3005083000170998,stimuli/brick_telescope.png,,,,,123,2026-10-02_20h30.00.206,GraphMaze_Navigation,2021.2.3,120.00940869751717,
stimuli/brick_chair.png,stimuli/brick_well.png,stimuli/brick_trashcan.png,left,line,Chair,Well,Trash Can,Well,,,,,,,,,0,0,0,1,,,,,,,,,,,1,1,0.43335869995644316,stimuli/brick_chair.png,stimuli/brick_well.png,stimuli/brick_trashcan.png,,,123,2026-10-02_20h30.00.206,GraphMaze_Navigation,2021.2.3,120.00940869751717,
stimuli/brick_wheelbarrow.png,stimuli/brick_trashcan.png,stimuli/brick_harp.png,right,line,Wheelbarrow,Trash Can,Harp,Harp,,,,,,,,,0,1,1,19,,,,,,,,,,,None,0,,stimuli/brick_wheelbarrow.png,stimuli/brick_trashcan.png,stimuli/brick_harp.png,,,123,2026-10-02_20h30.00.206,GraphMaze_Navigation,2021.2.3,120.00940869751717,
stimuli/brick_picnicTable.png,stimuli/brick_mailbox.png,stimuli/brick_wheelbarrow.png,right,route,Picnic Table,Mailbox,Wheelbarrow,Wheelbarrow,,,,,,,,,0,2,2,12,,,,,,,,,,,2,1,1.1044570000376552,stimuli/brick_picnicTable.png,stimuli/brick_mailbox.png,stimuli/brick_wheelbarrow.png,,,123,2026-10-02_20h30.00.206,GraphMaze_Navigation,2021.2.3,120.00940869751717,
stimuli/brick_mailbox.png,stimuli/brick_trashcan.png,stimuli/brick_telescope.png,right,line,Mailbox,Trash Can,Telescope,Telescope,,,,,,,,,0,3,3,3,,,,,,,,,,,1,0,0.18644130002940074,stimuli/brick_mailbox.png,stimuli/brick_trashcan.png,stimuli/brick_telescope.png,,,123,2026-10-02_20h30.00.206,GraphMaze_Navigation,2021.2.3,120.00940869751717,
stimuli/brick_plant.png,stimuli/brick_picnicTable.png,stimuli/brick_chair.png,left,route,Plant,Picnic Table,Chair,Picnic Table,,,,,,,,,0,4,4,6,,,,,,,,,,,2,0,0.187392899999395,stimuli/brick_plant.png,stimuli/brick_picnicTable.png,stimuli/brick_chair.png,,,123,2026-10-02_20h30.00.206,GraphMaze_Navigation,2021.2.3,120.00940869751717,
stimuli/brick_mailbox.png,stimuli/brick_telescope.png,stimuli/brick_trashcan.png,left,route,Mailbox,Telescope,Trash Can,Telescope,,,,,,,,,0,5,5,2,,,,,,,,,,,1,1,0.3964100999874063,stimuli/brick_mailbox.png,stimuli/brick_telescope.png,stimuli/brick_trashcan.png,,,123,2026-10-02_20h30.00.206,GraphMaze_Navigation,2021.2.3,120.00940869751717,
stimuli/brick_oven.png,stimuli/brick_plant.png,stimuli/brick_trashcan.png,left,line,Oven,Plant,Trash Can,Plant,,,,,,,,,0,6,6,9,,,,,,,,,,,2,0,0.3064834999968298,stimuli/brick_oven.png,stimuli/brick_plant.png,stimuli/brick_trashcan.png,,,123,2026-10-02_20h30.00.206,GraphMaze_Navigation,2021.2.3,120.00940869751717,
stimuli/brick_well.png,stimuli/brick_telescope.png,stimuli/brick_oven.png,left,route,Well,Telescope,Oven,Telescope,,,,,,,,,0,7,7,16,,,,,,,,,,,1,1,0.1455949999508448,stimuli/brick_well.png,stimuli/brick_telescope.png,stimuli/brick_oven.png,,,123,2026-10-02_20h30.00.206,GraphMaze_Navigation,2021.2.3,120.00940869751717,
stimuli/brick_harp.png,stimuli/brick_oven.png,stimuli/brick_bookshelf.png,right,line,Harp,Oven,Bookshelf,Bookshelf,,,,,,,,,0,8,8,15,,,,,,,,,,,2,1,0.3053556000231765,stimuli/brick_harp.png,stimuli/brick_oven.png,stimuli/brick_bookshelf.png,,,123,2026-10-02_20h30.00.206,GraphMaze_Navigation,2021.2.3,120.00940869751717,
stimuli/brick_well.png,stimuli/brick_oven.png,stimuli/brick_chair.png,right,line,Well,Oven,Chair,Chair,,,,,,,,,0,9,9,17,,,,,,,,,,,1,0,0.13637950003612787,stimuli/brick_well.png,stimuli/brick_oven.png,stimuli/brick_chair.png,,,123,2026-10-02_20h30.00.206,GraphMaze_Navigation,2021.2.3,120.00940869751717,
stimuli/brick_piano.png,stimuli/brick_trashcan.png,stimuli/brick_mailbox.png,left,route,Piano,Trash Can,Mailbox,Trash Can,,,,,,,,,0,10,10,22,,,,,,,,,,,2,0,0.45448379998560995,stimuli/brick_piano.png,stimuli/brick_trashcan.png,stimuli/brick_mailbox.png,,,123,2026-10-02_20h30.00.206,GraphMaze_Navigation,2021.2.3,120.00940869751717,
stimuli/brick_chair.png,stimuli/brick_piano.png,stimuli/brick_well.png,right,route,Chair,Piano,Well,Well,,,,,,,,,0,11,11,0,,,,,,,,,,,2,1,0.10638720000861213,stimuli/brick_chair.png,stimuli/brick_piano.png,stimuli/brick_well.png,,,123,2026-10-02_20h30.00.206,GraphMaze_Navigation,2021.2.3,120.00940869751717,
stimuli/brick_telescope.png,stimuli/brick_bookshelf.png,stimuli/brick_mailbox.png,right,route,Telescope,Bookshelf,Mailbox,Mailbox,,,,,,,,,0,12,12,4,,,,,,,,,,,2,1,0.15521539998007938,stimuli/brick_telescope.png,stimuli/brick_bookshelf.png,stimuli/brick_mailbox.png,,,123,2026-10-02_20h30.00.206,GraphMaze_Navigation,2021.2.3,120.00940869751717,
stimuli/brick_picnicTable.png,stimuli/brick_wheelbarrow.png,stimuli/brick_well.png,left,line,Picnic Table,Wheelbarrow,Well,Wheelbarrow,,,,,,,,,0,13,13,13,,,,,,,,,,,2,0,0.13035270001273602,stimuli/brick_picnicTable.png,stimuli/brick_wheelbarrow.png,stimuli/brick_well.png,,,123,2026-10-02_20h30.00.206,GraphMaze_Navigation,2021.2.3,120.00940869751717,
stimuli/brick_wheelbarrow.png,stimuli/brick_picnicTable.png,stimuli/brick_mailbox.png,left,route,Wheelbarrow,Picnic Table,Mailbox,Picnic Table,,,,,,,,,0,14,14,18,,,,,,,,,,,2,0,0.42185590002918616,stimuli/brick_wheelbarrow.png,stimuli/brick_picnicTable.png,stimuli/brick_mailbox.png,,,123,2026-10-02_20h30.00.206,GraphMaze_Navigation,2021.2.3,120.00940869751717,
stimuli/brick_harp.png,stimuli/brick_wheelbarrow.png,stimuli/brick_oven.png,left,route,Harp,Wheelbarrow,Oven,Wheelbarrow,,,,,,,,,0,15,15,14,,,,,,,,,,,1,1,0.35792530002072453,stimuli/brick_harp.png,stimuli/brick_wheelbarrow.png,stimuli/brick_oven.png,,,123,2026-10-02_20h30.00.206,GraphMaze_Navigation,2021.2.3,120.00940869751717,
stimuli/brick_telescope.png,stimuli/brick_mailbox.png,stimuli/brick_well.png,left,line,Telescope,Mailbox,Well,Mailbox,,,,,,,,,0,16,16,5,,,,,,,,,,,2,0,0.3088606999954209,stimuli/brick_telescope.png,stimuli/brick_mailbox.png,stimuli/brick_well.png,,,123,2026-10-02_20h30.00.206,GraphMaze_Navigation,2021.2.3,120.00940869751717,
stimuli/brick_plant.png,stimuli/brick_well.png,stimuli/brick_oven.png,right,line,Plant,Well,Oven,Oven,,,,,,,,,0,17,17,7,,,,,,,,,,,2,1,6.32594460004475,stimuli/brick_plant.png,stimuli/brick_well.png,stimuli/brick_oven.png,,,123,2026-10-02_20h30.00.206,GraphMaze_Navigation,2021.2.3,120.00940869751717,
stimuli/brick_oven.png,stimuli/brick_chair.png,stimuli/brick_picnicTable.png,right,route,Oven,Chair,Picnic Table,Picnic Table,,,,,,,,,0,18,18,8,,,,,,,,,,,1,0,0.4133514999994077,stimuli/brick_oven.png,stimuli/brick_chair.png,stimuli/brick_picnicTable.png,,,123,2026-10-02_20h30.00.206,GraphMaze_Navigation,2021.2.3,120.00940869751717,
stimuli/brick_bookshelf.png,stimuli/brick_mailbox.png,stimuli/brick_harp.png,right,line,Bookshelf,Mailbox,Harp,Harp,,,,,,,,,0,19,19,21,,,,,,,,,,,1,0,1.1717095999629237,stimuli/brick_bookshelf.png,stimuli/brick_mailbox.png,stimuli/brick_harp.png,,,123,2026-10-02_20h30.00.206,GraphMaze_Navigation,2021.2.3,120.00940869751717,
stimuli/brick_bookshelf.png,stimuli/brick_trashcan.png,stimuli/brick_mailbox.png,left,route,Bookshelf,Trash Can,Mailbox,Trash Can,,,,,,,,,0,20,20,20,,,,,,,,,,,2,0,0.6398658000398427,stimuli/brick_bookshelf.png,stimuli/brick_trashcan.png,stimuli/brick_mailbox.png,,,123,2026-10-02_20h30.00.206,GraphMaze_Navigation,2021.2.3,120.00940869751717,
stimuli/brick_trashcan.png,stimuli/brick_mailbox.png,stimuli/brick_piano.png,right,line,Trash Can,Mailbox,Piano,Piano,,,,,,,,,0,21,21,11,,,,,,,,,,,2,1,1.2894459000090137,stimuli/brick_trashcan.png,stimuli/brick_mailbox.png,stimuli/brick_piano.png,,,123,2026-10-02_20h30.00.206,GraphMaze_Navigation,2021.2.3,120.00940869751717,
stimuli/brick_trashcan.png,stimuli/brick_mailbox.png,stimuli/brick_bookshelf.png,right,route,Trash Can,Mailbox,Bookshelf,Bookshelf,,,,,,,,,0,22,22,10,,,,,,,,,,,1,0,1.3181041000061668,stimuli/brick_trashcan.png,stimuli/brick_mailbox.png,stimuli/brick_bookshelf.png,,,123,2026-10-02_20h30.00.206,GraphMaze_Navigation,2021.2.3,120.00940869751717,
stimuli/brick_piano.png,stimuli/brick_mailbox.png,stimuli/brick_bookshelf.png,right,line,Piano,Mailbox,Bookshelf,Bookshelf,,,,,,,,,0,23,23,23,,,,,,,,,,,2,1,3.681836800009478,stimuli/brick_piano.png,stimuli/brick_mailbox.png,stimuli/brick_bookshelf.png,,,123,2026-10-02_20h30.00.206,GraphMaze_Navigation,2021.2.3,120.00940869751717,
stimuli/maze_compass.png,stimuli/maze_lampPost.png,stimuli/maze_snowman.png,right,route,Compass,Lamp Post,Snowman,Snowman,,,,,,,,,,,,,0,0,0,0,,,,,,,2,1,1.1540368999703787,stimuli/maze_compass.png,,,,,123,2026-10-02_20h30.00.206,GraphMaze_Navigation,2021.2.3,120.00940869751717,
stimuli/maze_compass.png,stimuli/maze_lampPost.png,stimuli/maze_snowman.png,left,line,Compass,Lamp Post,Snowman,Lamp Post,,,,,,,,,,,,,0,1,1,1,,,,,,,1,1,3.2396402999875136,stimuli/maze_compass.png,,,,,123,2026-10-02_20h30.00.206,GraphMaze_Navigation,2021.2.3,120.00940869751717,
stimuli/maze_compass.png,stimuli/maze_snowman.png,stimuli/maze_chair.png,left,route,Compass,Snowman,Chair,Snowman,,,,,,,,,,,,,,,,,0,0,0,2,,,None,0,,stimuli/maze_compass.png,stimuli/maze_snowman.png,stimuli/maze_chair.png,,,123,2026-10-02_20h30.00.206,GraphMaze_Navigation,2021.2.3,120.00940869751717,
stimuli/maze_guitar.png,stimuli/maze_clock.png,stimuli/maze_umbrella.png,right,route,Guitar,Clock,Umbrella,Umbrella,,,,,,,,,,,,,,,,,0,1,1,3,,,1,0,0.3631543999654241,stimuli/maze_guitar.png,stimuli/maze_clock.png,stimuli/maze_umbrella.png,,,123,2026-10-02_20h30.00.206,GraphMaze_Navigation,2021.2.3,120.00940869751717,
stimuli/maze_compass.png,stimuli/maze_umbrella.png,stimuli/maze_lampPost.png,left,line,Compass,Umbrella,Lamp Post,Umbrella,,,,,,,,,,,,,,,,,0,2,2,10,,,1,1,0.14192480000201613,stimuli/maze_compass.png,stimuli/maze_umbrella.png,stimuli/maze_lampPost.png,,,123,2026-10-02_20h30.00.206,GraphMaze_Navigation,2021.2.3,120.00940869751717,
stimuli/maze_snowman.png,stimuli/maze_chair.png,stimuli/maze_compass.png,right,route,Snowman,Chair,Compass,Compass,,,,,,,,,,,,,,,,,0,3,3,5,,,1,0,0.19570779998321086,stimuli/maze_snowman.png,stimuli/maze_chair.png,stimuli/maze_compass.png,,,123,2026-10-02_20h30.00.206,GraphMaze_Navigation,2021.2.3,120.00940869751717,
stimuli/maze_lampPost.png,stimuli/maze_shuttle.png,stimuli/maze_snowman.png,left,line,Lamp Post,Space Shuttle,Snowman,Space Shuttle,,,,,,,,,,,,,,,,,0,4,4,12,,,1,1,0.1374835000024177,stimuli/maze_lampPost.png,stimuli/maze_shuttle.png,stimuli/maze_snowman.png,,,123,2026-10-02_20h30.00.206,GraphMaze_Navigation,2021.2.3,120.00940869751717,
stimuli/maze_clock.png,stimuli/maze_compass.png,stimuli/maze_guitar.png,left,route,Clock,Compass,Guitar,Compass,,,,,,,,,,,,,,,,,0,5,5,1,,,1,1,0.22936370002571493,stimuli/maze_clock.png,stimuli/maze_compass.png,stimuli/maze_guitar.png,,,123,2026-10-02_20h30.00.206,GraphMaze_Navigation,2021.2.3,120.00940869751717,
stimuli/maze_shuttle.png,stimuli/maze_lampPost.png,stimuli/maze_clock.png,left,route,Space Shuttle,Lamp Post,Clock,Lamp Post,,,,,,,,,,,,,,,,,0,6,6,6,,,1,1,0.16026869998313487,stimuli/maze_shuttle.png,stimuli/maze_lampPost.png,stimuli/maze_clock.png,,,123,2026-10-02_20h30.00.206,GraphMaze_Navigation,2021.2.3,120.00940869751717,
stimuli/maze_guitar.png,stimuli/maze_umbrella.png,stimuli/maze_clock.png,left,line,Guitar,Umbrella,Clock,Umbrella,,,,,,,,,,,,,,,,,0,7,7,11,,,1,1,0.3199324999586679,stimuli/maze_guitar.png,stimuli/maze_umbrella.png,stimuli/maze_clock.png,,,123,2026-10-02_20h30.00.206,GraphMaze_Navigation,2021.2.3,120.00940869751717,
stimuli/maze_chair.png,stimuli/maze_clock.png,stimuli/maze_guitar.png,left,line,Chair,Clock,Guitar,Clock,,,,,,,,,,,,,,,,,0,8,8,8,,,1,1,0.30366050003794953,stimuli/maze_chair.png,stimuli/maze_clock.png,stimuli/maze_guitar.png,,,123,2026-10-02_20h30.00.206,GraphMaze_Navigation,2021.2.3,120.00940869751717,
stimuli/maze_umbrella.png,stimuli/maze_guitar.png,stimuli/maze_clock.png,left,route,Umbrella,Guitar,Clock,Guitar,,,,,,,,,,,,,,,,,0,9,9,7,,,1,1,0.9284946999978274,stimuli/maze_umbrella.png,stimuli/maze_guitar.png,stimuli/maze_clock.png,,,123,2026-10-02_20h30.00.206,GraphMaze_Navigation,2021.2.3,120.00940869751717,
stimuli/maze_lampPost.png,stimuli/maze_snowman.png,stimuli/maze_shuttle.png,right,route,Lamp Post,Snowman,Space Shuttle,Space Shuttle,,,,,,,,,,,,,,,,,0,10,10,4,,,1,0,0.4839313999982551,stimuli/maze_lampPost.png,stimuli/maze_snowman.png,stimuli/maze_shuttle.png,,,123,2026-10-02_20h30.00.206,GraphMaze_Navigation,2021.2.3,120.00940869751717,
stimuli/maze_shuttle.png,stimuli/maze_umbrella.png,stimuli/maze_snowman.png,left,line,Space Shuttle,Umbrella,Snowman,Umbrella,,,,,,,,,,,,,,,,,0,11,11,14,,,1,1,0.38176999997813255,stimuli/maze_shuttle.png,stimuli/maze_umbrella.png,stimuli/maze_snowman.png,,,123,2026-10-02_20h30.00.206,GraphMaze_Navigation,2021.2.3,120.00940869751717,
stimuli/maze_umbrella.png,stimuli/maze_shuttle.png,stimuli/maze_snowman.png,left,line,Umbrella,Space Shuttle,Snowman,Space Shuttle,,,,,,,,,,,,,,,,,0,12,12,15,,,1,1,0.4765256999526173,stimuli/maze_umbrella.png,stimuli/maze_shuttle.png,stimuli/maze_snowman.png,,,123,2026-10-02_20h30.00.206,GraphMaze_Navigation,2021.2.3,120.00940869751717,
stimuli/maze_clock.png,stimuli/maze_guitar.png,stimuli/maze_chair.png,right,line,Clock,Guitar,Chair,Chair,,,,,,,,,,,,,,,,,0,13,13,9,,,1,0,0.29383270000107586,stimuli/maze_clock.png,stimuli/maze_guitar.png,stimuli/maze_chair.png,,,123,2026-10-02_20h30.00.206,GraphMaze_Navigation,2021.2.3,120.00940869751717,
stimuli/maze_snowman.png,stimuli/maze_compass.png,stimuli/maze_lampPost.png,left,line,Snowman,Compass,Lamp Post,Compass,,,,,,,,,,,,,,,,,0,14,14,13,,,1,1,0.49437579995719716,stimuli/maze_snowman.png,stimuli/maze_compass.png,stimuli/maze_lampPost.png,,,123,2026-10-02_20h30.00.206,GraphMaze_Navigation,2021.2.3,120.00940869751717,
stimuli/maze_chair.png,stimuli/maze_guitar.png,stimuli/maze_shuttle.png,right,route,Chair,Guitar,Space Shuttle,Space Shuttle,,,,,,,,,,,,,,,,,0,15,15,0,,,1,0,0.5559455000329763,stimuli/maze_chair.png,stimuli/maze_guitar.png,stimuli/maze_shuttle.png,,,123,2026-10-02_20h30.00.206,GraphMaze_Navigation,2021.2.3,120.00940869751717,
,,,,,,,,,,,,,,,,,,,,,,,,,,,,,,,,,,,,,1,0.6391520999604836,123,2026-10-02_20h30.00.206,GraphMaze_Navigation,2021.2.3,120.00940869751717,
