cueImage,leftImage,rightImage,corrAns,trial_type,cueLabel,leftLabel,rightLabel,corrLabel,n,cue_image.file_raw,left_image.file_raw,right_image.file_raw,trial_resp.corr_mean,trial_resp.corr_raw,trial_resp.corr_std,trial_resp.keys_raw,trial_resp.rt_mean,trial_resp.rt_raw,trial_resp.rt_std,trial_type_raw,order
stimuli/brick_chair.png,stimuli/brick_piano.png,stimuli/brick_well.png,right,route,Chair,Piano,Well,Well,1.0,'stimuli/brick_chair.png','stimuli/brick_piano.png','stimuli/brick_well.png',1.0,1.0,0.0,'2',0.106387197971344,0.106387197971344,0.0,'route',11.0
stimuli/brick_chair.png,stimuli/brick_well.png,stimuli/brick_trashcan.png,left,line,Chair,Well,Trash Can,Well,1.0,'stimuli/brick_chair.png','stimuli/brick_well.png','stimuli/brick_trashcan.png',1.0,1.0,0.0,'1',0.43335869908332825,0.43335869908332825,0.0,'line',0.0
stimuli/brick_mailbox.png,stimuli/brick_telescope.png,stimuli/brick_trashcan.png,left,route,Mailbox,Telescope,Trash Can,Telescope,1.0,'stimuli/brick_mailbox.png','stimuli/brick_telescope.png','stimuli/brick_trashcan.png',1.0,1.0,0.0,'1',0.39641010761260986,0.39641010761260986,0.0,'route',5.0
stimuli/brick_mailbox.png,stimuli/brick_trashcan.png,stimuli/brick_telescope.png,right,line,Mailbox,Trash Can,Telescope,Telescope,1.0,'stimuli/brick_mailbox.png','stimuli/brick_trashcan.png','stimuli/brick_telescope.png',0.0,0.0,0.0,'1',0.1864413022994995,0.1864413022994995,0.0,'line',3.0
stimuli/brick_telescope.png,stimuli/brick_bookshelf.png,stimuli/brick_mailbox.png,right,route,Telescope,Bookshelf,Mailbox,Mailbox,1.0,'stimuli/brick_telescope.png','stimuli/brick_bookshelf.png','stimuli/brick_mailbox.png',1.0,1.0,0.0,'2',0.15521539747714996,0.15521539747714996,0.0,'route',12.0
stimuli/brick_telescope.png,stimuli/brick_mailbox.png,stimuli/brick_well.png,left,line,Telescope,Mailbox,Well,Mailbox,1.0,'stimuli/brick_telescope.png','stimuli/brick_mailbox.png','stimuli/brick_well.png',0.0,0.0,0.0,'2',0.3088606894016266,0.3088606894016266,0.0,'line',16.0
stimuli/brick_plant.png,stimuli/brick_picnicTable.png,stimuli/brick_chair.png,left,route,Plant,Picnic Table,Chair,Picnic Table,1.0,'stimuli/brick_plant.png','stimuli/brick_picnicTable.png','stimuli/brick_chair.png',0.0,0.0,0.0,'2',0.18739290535449982,0.18739290535449982,0.0,'route',4.0
stimuli/brick_plant.png,stimuli/brick_well.png,stimuli/brick_oven.png,right,line,Plant,Well,Oven,Oven,1.0,'stimuli/brick_plant.png','stimuli/brick_well.png','stimuli/brick_oven.png',1.0,1.0,0.0,'2',6.325944423675537,6.325944423675537,0.0,'line',17.0
stimuli/brick_oven.png,stimuli/brick_chair.png,stimuli/brick_picnicTable.png,right,route,Oven,Chair,Picnic Table,Picnic Table,1.0,'stimuli/brick_oven.png','stimuli/brick_chair.png','stimuli/brick_picnicTable.png',0.0,0.0,0.0,'1',0.41335150599479675,0.41335150599479675,0.0,'route',18.0
stimuli/brick_oven.png,stimuli/brick_plant.png,stimuli/brick_trashcan.png,left,line,Oven,Plant,Trash Can,Plant,1.0,'stimuli/brick_oven.png','stimuli/brick_plant.png','stimuli/brick_trashcan.png',0.0,0.0,0.0,'2',0.30648350715637207,0.30648350715637207,0.0,'line',6.0
stimuli/brick_trashcan.png,stimuli/brick_mailbox.png,stimuli/brick_bookshelf.png,right,route,Trash Can,Mailbox,Bookshelf,Bookshelf,1.0,'stimuli/brick_trashcan.png','stimuli/brick_mailbox.png','stimuli/brick_bookshelf.png',0.0,0.0,0.0,'1',1.3181041479110718,1.3181041479110718,0.0,'route',22.0
stimuli/brick_trashcan.png,stimuli/brick_mailbox.png,stimuli/brick_piano.png,right,line,Trash Can,Mailbox,Piano,Piano,1.0,'stimuli/brick_trashcan.png','stimuli/brick_mailbox.png','stimuli/brick_piano.png',1.0,1.0,0.0,'2',1.2894458770751953,1.2894458770751953,0.0,'line',21.0
stimuli/brick_picnicTable.png,stimuli/brick_mailbox.png,stimuli/brick_wheelbarrow.png,right,route,Picnic Table,Mailbox,Wheelbarrow,Wheelbarrow,1.0,'stimuli/brick_picnicTable.png','stimuli/brick_mailbox.png','stimuli/brick_wheelbarrow.png',1.0,1.0,0.0,'2',1.1044570207595825,1.1044570207595825,0.0,'route',2.0
stimuli/brick_picnicTable.png,stimuli/brick_wheelbarrow.png,stimuli/brick_well.png,left,line,Picnic Table,Wheelbarrow,Well,Wheelbarrow,1.0,'stimuli/brick_picnicTable.png','stimuli/brick_wheelbarrow.png','stimuli/brick_well.png',0.0,0.0,0.0,'2',0.1303527057170868,0.1303527057170868,0.0,'line',13.0
stimuli/brick_harp.png,stimuli/brick_wheelbarrow.png,stimuli/brick_oven.png,left,route,Harp,Wheelbarrow,Oven,Wheelbarrow,1.0,'stimuli/brick_harp.png','stimuli/brick_wheelbarrow.png','stimuli/brick_oven.png',1.0,1.0,0.0,'1',0.35792529582977295,0.35792529582977295,0.0,'route',15.0
stimuli/brick_harp.png,stimuli/brick_oven.png,stimuli/brick_bookshelf.png,right,line,Harp,Oven,Bookshelf,Bookshelf,1.0,'stimuli/brick_harp.png','stimuli/brick_oven.png','stimuli/brick_bookshelf.png',1.0,1.0,0.0,'2',0.30535560846328735,0.30535560846328735,0.0,'line',8.0
stimuli/brick_well.png,stimuli/brick_telescope.png,stimuli/brick_oven.png,left,route,Well,Telescope,Oven,Telescope,1.0,'stimuli/brick_well.png','stimuli/brick_telescope.png','stimuli/brick_oven.png',1.0,1.0,0.0,'1',0.1455949991941452,0.1455949991941452,0.0,'route',7.0
stimuli/brick_well.png,stimuli/brick_oven.png,stimuli/brick_chair.png,right,line,Well,Oven,Chair,Chair,1.0,'stimuli/brick_well.png','stimuli/brick_oven.png','stimuli/brick_chair.png',0.0,0.0,0.0,'1',0.13637949526309967,0.13637949526309967,0.0,'line',9.0
stimuli/brick_wheelbarrow.png,stimuli/brick_picnicTable.png,stimuli/brick_mailbox.png,left,route,Wheelbarrow,Picnic Table,Mailbox,Picnic Table,1.0,'stimuli/brick_wheelbarrow.png','stimuli/brick_picnicTable.png','stimuli/brick_mailbox.png',0.0,0.0,0.0,'2',0.4218558967113495,0.4218558967113495,0.0,'route',14.0
stimuli/brick_wheelbarrow.png,stimuli/brick_trashcan.png,stimuli/brick_harp.png,right,line,Wheelbarrow,Trash Can,Harp,Harp,1.0,'stimuli/brick_wheelbarrow.png','stimuli/brick_trashcan.png','stimuli/brick_harp.png',0.0,0.0,0.0,,,,,'line',1.0
stimuli/brick_bookshelf.png,stimuli/brick_trashcan.png,stimuli/brick_mailbox.png,left,route,Bookshelf,Trash Can,Mailbox,Trash Can,1.0,'stimuli/brick_bookshelf.png','stimuli/brick_trashcan.png','stimuli/brick_mailbox.png',0.0,0.0,0.0,'2',0.6398658156394958,0.6398658156394958,0.0,'route',20.0
stimuli/brick_bookshelf.png,stimuli/brick_mailbox.png,stimuli/brick_harp.png,right,line,Bookshelf,Mailbox,Harp,Harp,1.0,'stimuli/brick_bookshelf.png','stimuli/brick_mailbox.png','stimuli/brick_harp.png',0.0,0.0,0.0,'1',1.171709656715393,1.171709656715393,0.0,'line',19.0
stimuli/brick_piano.png,stimuli/brick_trashcan.png,stimuli/brick_mailbox.png,left,route,Piano,Trash Can,Mailbox,Trash Can,1.0,'stimuli/brick_piano.png','stimuli/brick_trashcan.png','stimuli/brick_mailbox.png',0.0,0.0,0.0,'2',0.4544838070869446,0.4544838070869446,0.0,'route',10.0
stimuli/brick_piano.png,stimuli/brick_mailbox.png,stimuli/brick_bookshelf.png,right,line,Piano,Mailbox,Bookshelf,Bookshelf,1.0,'stimuli/brick_piano.png','stimuli/brick_mailbox.png','stimuli/brick_bookshelf.png',1.0,1.0,0.0,'2',3.6818368434906006,3.6818368434906006,0.0,'line',23.0

extraInfo
Participant ID,123
date,2026-10-02_20h30.00.206
expName,GraphMaze_Navigation
psychopyVersion,2021.2.3
frameRate,120.00940869751717
